URL,Title,Meta Description,H1
"https://www.brahelectric.com","BRAH Electric | #1 Source for Replacement Electrical Parts","BRAH Electric specializes in aftermarket electrical parts designed to fit and function with major OEM brands and to replace obsolete or hard-to-find equipment. ","Your #1 Source for Aftermarket
Electrical Parts"
"https://www.brahelectric.com/AboutUs","About Us | Replacement Electrical Parts | BRAH Electric","BRAH Electric is an electrical products manufacturing company, specializing in aftermarket replacement power distribution equipment, controls, and parts. ","WELCOME TO BRAH ELECTRIC"
"https://www.brahelectric.com/Contact","Contact Us | Replacement Electrical Parts | BRAH Electric","Contact BRAH Electric for any questions, or for a consultation, by email at info@brahelectric.com or by phone at (855) 355-2724.","GET IN TOUCH"
"https://www.brahelectric.com/Orders","Order Details","❌ No meta description","Invalid Order Id"
"https://www.brahelectric.com/Orders/Success","❌ No title","❌ No meta description","Congratulations! you’ve completed your Order."
"https://www.brahelectric.com/Policies","Return and Privacy Policies | BRAH Electric","Review BRAH Electric's policies: returns, warranty, account terms, copyright, trademarks, and privacy. ","Terms & Conditions"
"https://www.brahelectric.com/Products","Bus Plugs, Circuit Breakers & Motor Controls | BRAH Electric","Explore BRAH Electric's aftermarket replacement parts: bus plugs, circuit breakers, motor controls, and more. Quality equipment at a great value. Same day shipping!","Products"
"https://www.brahelectric.com/privacy-policy","Privacy Policies | BRAH Electric","❌ No meta description","Privacy Policy"
"https://www.brahelectric.com/Products/Bus-Plugs","Bus Plug Replacement Parts | BRAH Electric","Get quality aftermarket replacement bus plugs, parts and accessories at a great value. Your #1 source for aftermarket electrical parts. Same day shipping!","Bus Plugs"
"https://www.brahelectric.com/Products/Circuit-Breakers","Circuit Breaker Replacement Parts | BRAH Electric","Get quality aftermarket replacement circuit breakers, parts and accessories at a great value. Your #1 source for aftermarket electrical parts. Same day shipping!","Circuit Breakers"
"https://www.brahelectric.com/Products/Motor-Controls","Motor Control Replacement Parts | BRAH Electric","Get quality aftermarket replacement motor controls, parts and accessories at a great value. Your #1 source for aftermarket electrical parts. Same day shipping!","Motor Controls"
"https://www.brahelectric.com/Products/Bus-Plugs/Fusible-Bus-Plugs","Fusible Bus Plugs | Replacement Parts | BRAH Electric","Explore the range of fusible bus plugs at BRAH Electric for efficient and safe power distribution. Quality equipment at a great value. Same day shipping!","Fusible Bus Plugs"
"https://www.brahelectric.com/Products/Bus-Plugs/Ground-Kits","Ground Kits | Bus Plugs Replacement Parts | BRAH Electric","Shop high-quality ground kits at BRAH Electric and enhance the safety of your bus plugs. Quality equipment at a great value. Same day shipping!","Ground Kits"
"https://www.brahelectric.com/Products/Bus-Plugs/Floating-Contact-Switches","Floating Contact Switches | Replacement Parts | BRAH Electric","Enhance your bus plug's reliability with our floating contact switches at BRAH Electric. Ensure seamless operation and improved performance. Same day shipping!","Floating Contact Switches"
"https://www.brahelectric.com/Products/Bus-Plugs/Conversion-Kits","Conversion Kits | Bus Plugs Replacement | BRAH Electric","Upgrade your power distribution with bus plug conversion kits at BRAH Electric and transform your system for reliable performance. Same day shipping available!","Conversion Kits"
"https://www.brahelectric.com/Products/Bus-Plugs/Fuse-Clips","Fuse Clips | Bus Plugs Replacement Parts | BRAH Electric","Upgrade bus plug safety with floating fuse switches at BRAH Electric. Explore reliable solutions for improved protection. Same day shipping available!","Fuse Clips"
"https://www.brahelectric.com/Products/Bus-Plugs/Neutral-Kits","Neutral Kits | Bus Plugs Replacement Parts | BRAH Electric","Shop a wide selection of bus plug neutral kits at BRAH Electric. Explore reliable solutions for enhanced electrical control. Same day shipping!","Neutral Kits"
"https://www.brahelectric.com/Products/Bus-Plugs/Handle-Togs","Handle Togs | Bus Plugs Replacement Parts | BRAH Electric","Upgrade your bus plug's convenience with handle togs at BRAH Electric. Find quality replacement parts at a great value. Same day shipping!","Handle Togs"
"https://www.brahelectric.com/Products/Bus-Plugs/Hanger-Adapters","Hanger Adapters | Bus Plugs Replacement | BRAH Electric","Securely install your bus plugs with versatile hanger adapters from BRAH Electric. Explore our reliable solutions for effortless mounting. Same day shipping!","Hanger Adapters"
"https://www.brahelectric.com/Products/Bus-Plugs/Hardware-Parts","Hardware Parts | Bus Plugs Replacement Parts | BRAH Electric","Shop essential hardware parts for bus plugs at BRAH Electric. Find quality replacement parts at a great value. Same day shipping!","Hardware Parts"
"https://www.brahelectric.com/Products/Bus-Plugs/KnockOut-Fillers","KnockOut Fillers | Bus Plugs Replacement | BRAH Electric","Seal openings in electrical boxes, cans, switches and enclosures with knockout fillers at BRAH Electric. Quality equipment, great value. Same day shipping!","KnockOut Fillers"
"https://www.brahelectric.com/Products/Bus-Plugs/Load-Blocks","Load Blocks | Bus Plugs Replacement Parts | BRAH Electric","Boost your bus plug's load capacity with precision load blocks at BRAH Electric. Find quality replacement parts at a great value. Same day shipping!","Load Blocks"
"https://www.brahelectric.com/Products/Bus-Plugs/Lug-Terminal-Kit","Lug Terminal Kit | Bus Plugs Replacement Parts | BRAH Electric","❌ No meta description","Lug Terminal Kit"
"https://www.brahelectric.com/Products/Bus-Plugs/Operating-Handle","Operating Handle | Bus Plugs Replacement Parts | BRAH Electric","❌ No meta description","Operating Handle"
"https://www.brahelectric.com/Products/Bus-Plugs/Parts-Connectors","Connectors | Bus Plugs Replacement | BRAH Electric","Shop parts connectors for bus plugs at BRAH Electric to ensure proper connections between internal ground bars and external ground stabs. Same day shipping!","Parts Connectors"